order_item_id,order_id,product_id,quantity,unit_price
1,884,44,3,13.98
2,500,8,7,8.32
3,65,17,6,9.280000000000001
4,890,44,9,15.260000000000002
5,591,47,10,18.790000000000003
6,979,43,6,5.0600000000000005
7,705,45,10,5.859999999999999
8,678,47,4,19.950000000000003
9,680,44,7,12.48
10,847,36,10,10.3
11,659,11,9,17.16
12,873,32,3,10.51
13,504,21,4,15.51
14,285,4,9,4.5600000000000005
15,659,25,7,16.79
16,81,30,8,9.27
17,459,6,8,15.03
18,122,32,1,10.629999999999999
19,423,3,9,7.359999999999999
20,846,6,10,17.35
21,653,20,9,13.74
22,671,43,8,7.0
23,373,4,4,7.359999999999999
24,340,36,10,12.75
25,734,43,6,5.94
26,117,7,4,8.83
27,364,41,5,6.59
28,383,45,2,5.64
29,169,32,3,13.870000000000001
30,761,47,7,18.26
31,626,13,4,14.71
32,873,26,4,11.43
33,801,13,6,14.65
34,425,3,10,5.4399999999999995
35,914,29,8,21.42
36,980,33,3,23.89
37,5,34,1,19.770000000000003
38,444,38,8,17.57
39,800,12,10,15.959999999999999
40,835,9,2,3.2700000000000005
41,615,39,6,5.24
42,394,27,10,19.27
43,781,16,5,16.16
44,352,19,8,13.95
45,142,27,10,18.3
46,767,33,5,23.34
47,561,21,9,16.87
48,206,14,10,17.96
49,704,23,3,10.19
50,666,12,9,17.62
51,653,21,2,17.439999999999998
52,576,31,10,5.02
53,684,46,7,21.720000000000002
54,916,35,5,22.5
55,433,1,9,14.89
56,391,10,1,11.44
57,205,18,3,11.379999999999999
58,700,17,3,13.0
59,708,19,4,13.72
60,34,23,8,6.2299999999999995
61,889,44,9,15.7
62,761,42,9,16.439999999999998
63,524,45,5,8.55
64,49,25,7,14.98
65,808,44,6,16.16
66,56,1,5,15.32
67,890,50,8,14.51
68,934,41,6,7.529999999999999
69,560,48,10,11.440000000000001
70,743,13,5,16.19
71,700,5,3,19.67
72,753,33,2,21.25
73,439,18,9,8.14
74,165,38,5,13.44
75,478,46,3,18.87
76,951,21,10,14.25
77,955,41,10,7.92
78,309,32,10,12.65
79,75,46,6,21.05
80,980,12,9,15.49
81,518,11,7,15.78
82,414,6,6,14.02
83,219,43,6,4.21
84,301,14,10,17.14
85,575,49,1,16.34
86,355,29,4,22.53
87,629,40,4,10.98
88,699,21,7,18.14
89,968,8,7,7.49
90,742,19,1,14.43
91,842,50,6,13.09
92,521,29,8,18.66
93,920,42,4,16.13
94,85,7,3,13.190000000000001
95,792,35,9,18.580000000000002
96,68,14,4,18.64
97,435,7,4,11.24
98,720,48,7,13.47
99,963,5,3,15.45
100,735,22,1,3.66
101,56,12,5,17.689999999999998
102,589,15,5,6.97
103,462,41,7,6.08
104,18,25,2,15.52
105,657,47,10,18.060000000000002
106,764,38,1,16.56
107,75,23,9,6.25
108,806,44,5,14.540000000000001
109,289,49,8,17.54
110,842,43,1,4.85
111,547,15,3,8.5
112,816,35,5,22.87
113,148,20,6,15.52
114,12,36,9,10.690000000000001
115,43,1,10,17.09
116,551,36,2,11.420000000000002
117,767,48,6,11.51
118,928,42,9,15.33
119,189,15,10,8.899999999999999
120,199,8,3,9.36
121,581,4,9,5.640000000000001
122,563,5,5,18.36
123,257,7,4,12.09
124,499,22,6,3.85
125,672,16,2,15.649999999999999
126,72,13,6,16.36
127,337,40,5,9.780000000000001
128,157,37,10,17.69
129,324,28,3,9.11
130,253,15,7,6.39
131,369,9,6,5.48
132,474,29,6,21.950000000000003
133,499,36,2,10.84
134,622,6,5,16.88
135,144,35,4,19.73
136,908,41,2,7.4
137,914,2,9,22.19
138,833,38,10,15.23
139,605,14,1,17.23
140,557,35,8,21.490000000000002
141,153,24,7,2.96
142,791,38,5,14.01
143,514,33,2,21.34
144,515,1,4,18.23
145,826,40,3,10.07
146,144,29,3,19.27
147,972,37,3,19.36
148,496,23,1,6.75
149,500,15,2,6.33
150,240,3,4,7.22
151,811,24,7,4.07
152,466,3,1,9.3
153,332,7,9,11.67
154,281,48,5,13.16
155,584,12,7,18.12
156,375,38,2,15.73
157,386,15,9,6.97
158,837,23,8,9.34
159,909,39,1,5.23
160,143,29,3,19.490000000000002
161,527,42,5,15.639999999999999
162,192,11,6,16.05
163,837,8,4,8.21
164,339,47,2,19.950000000000003
165,491,31,4,5.11
166,663,27,1,16.25
167,131,37,10,16.78
168,645,33,1,23.560000000000002
169,151,4,3,4.72
170,185,34,7,19.98
171,578,41,1,8.08
172,746,43,5,6.98
173,222,29,10,22.93
174,889,31,3,3.44
175,421,39,3,6.550000000000001
176,841,50,3,13.579999999999998
177,524,17,3,12.48
178,351,30,10,8.32
179,236,25,7,13.7
180,17,13,9,18.04
181,517,44,7,15.530000000000001
182,621,7,3,10.96
183,630,39,1,6.92
184,545,33,2,19.970000000000002
185,676,9,10,3.96
186,2,50,7,13.129999999999999
187,380,3,9,6.82
188,961,31,7,4.03
189,824,48,10,11.0
190,138,17,8,12.670000000000002
191,932,6,5,15.709999999999999
192,557,27,5,16.0
193,727,48,1,13.16
194,121,34,1,18.970000000000002
195,211,45,6,7.27
196,110,10,7,11.35
197,260,17,9,11.13
198,375,40,5,11.120000000000001
199,407,49,4,17.68
200,803,36,8,10.850000000000001
201,573,36,8,11.190000000000001
202,315,37,6,19.53
203,408,48,3,14.41
204,676,8,4,8.35
205,717,11,2,14.31
206,411,22,9,6.029999999999999
207,701,46,1,19.41
208,988,41,1,7.75
209,844,10,8,12.59
210,446,6,2,14.2
211,380,6,10,13.19
212,394,26,10,12.32
213,294,46,10,18.950000000000003
214,793,12,8,17.16
215,207,43,9,4.01
216,35,39,9,5.29
217,238,40,3,9.69
218,369,16,1,18.759999999999998
219,89,18,7,8.54
220,405,26,10,10.27
221,16,48,2,14.7
222,563,19,9,14.45
223,357,23,5,6.789999999999999
224,987,13,8,18.35
225,589,1,5,15.2
226,519,7,9,9.15
227,302,22,2,6.880000000000001
228,980,17,9,12.88
229,589,17,8,13.57
230,577,31,4,5.86
231,985,50,8,13.85
232,919,38,1,15.58
233,265,5,7,18.19
234,226,44,4,15.41
235,423,23,9,8.18
236,718,17,4,10.510000000000002
237,409,44,6,12.15
238,954,12,8,16.59
239,224,37,5,16.87
240,765,44,4,14.06
241,205,16,4,18.299999999999997
242,212,15,4,8.899999999999999
243,857,40,6,7.36
244,110,8,2,9.379999999999999
245,680,32,10,10.2
246,878,35,1,22.37
247,381,40,6,8.88
248,903,37,5,18.26
249,783,33,5,21.34
250,769,37,3,16.29
251,819,28,8,13.32
252,34,33,6,21.32
253,703,50,3,12.84
254,124,45,9,7.5
255,706,1,1,17.44
256,389,38,2,14.870000000000001
257,628,17,3,11.690000000000001
258,243,18,8,11.26
259,352,24,3,4.2
260,216,27,6,16.79
261,411,18,8,7.76
262,135,37,4,19.71
263,739,18,4,9.45
264,877,25,4,13.77
265,983,48,3,12.690000000000001
266,10,12,7,17.43
267,915,41,9,6.529999999999999
268,324,32,5,11.3
269,880,37,1,17.84
270,708,11,1,14.31
271,261,31,2,4.47
272,343,17,6,10.84
273,571,17,6,9.31
274,125,23,10,6.67
275,590,42,9,15.48
276,800,19,6,11.79
277,523,32,8,14.17
278,391,40,5,8.75
279,980,10,3,11.3
280,951,22,7,6.109999999999999
281,586,26,2,9.729999999999999
282,352,15,6,6.569999999999999
283,299,46,5,21.41
284,405,18,8,10.46
285,962,24,10,4.3
286,462,27,3,15.98
287,24,9,4,4.51
288,964,48,2,11.51
289,407,7,2,9.11
290,900,31,9,2.69
291,790,26,9,12.809999999999999
292,86,7,5,11.6
293,87,42,7,16.08
294,254,48,5,12.55
295,130,9,9,5.3
296,30,3,6,8.76
297,334,31,8,6.84
298,554,18,9,8.95
299,993,45,9,6.2299999999999995
300,612,30,10,7.62
301,656,41,9,5.52
302,356,31,9,3.4699999999999998
303,92,29,5,20.11
304,267,10,5,8.47
305,536,49,3,17.37
306,481,35,1,21.64
307,504,49,8,17.17
308,785,28,5,11.78
309,816,1,9,16.09
310,422,36,7,11.83
311,168,46,7,22.42
312,226,17,2,11.120000000000001
313,246,34,10,20.91
314,702,18,5,9.870000000000001
315,545,18,7,7.800000000000001
316,71,12,3,16.48
317,653,30,10,7.7
318,718,40,8,7.51
319,20,10,1,12.780000000000001
320,23,12,2,16.45
321,129,46,8,21.96
322,239,6,3,13.09
323,223,22,7,4.67
324,819,32,6,12.26
325,811,3,6,5.25
326,769,10,1,9.62
327,402,5,9,17.46
328,197,17,7,12.950000000000001
329,125,50,4,12.51
330,999,29,4,21.78
331,35,13,8,17.48
332,97,34,4,19.41
333,698,20,6,11.920000000000002
334,746,3,9,7.2299999999999995
335,260,31,5,3.34
336,909,4,4,7.9399999999999995
337,242,41,7,5.59
338,172,18,10,7.49
339,809,16,1,18.73
340,596,45,8,8.53
341,159,24,2,3.08
342,512,6,10,14.54
343,993,49,1,16.09
344,661,10,9,11.98
345,129,32,4,11.6
346,572,42,6,18.31
347,450,47,4,17.880000000000003
348,387,23,3,6.8999999999999995
349,41,32,8,12.69
350,556,45,8,6.279999999999999
351,192,35,6,20.01
352,480,18,10,11.07
353,568,11,2,15.73
354,461,19,5,12.77
355,465,1,9,16.12
356,190,2,10,23.21
357,795,40,4,8.1
358,65,43,9,6.41
359,195,34,8,20.73
360,158,40,5,8.11
361,657,21,2,14.45
362,675,5,1,19.1
363,133,12,1,16.09
364,498,13,2,14.31
365,658,25,8,15.48
366,719,38,5,13.63
367,227,39,2,3.0300000000000002
368,944,14,8,18.93
369,853,6,8,16.619999999999997
370,63,24,9,5.3100000000000005
371,912,27,6,18.72
372,60,40,5,9.04
373,752,5,5,15.69
374,222,34,2,17.740000000000002
375,237,35,7,19.400000000000002
376,539,43,4,5.29
377,971,12,9,18.55
378,426,48,2,14.010000000000002
379,591,23,8,8.93
380,438,7,3,12.39
381,564,26,9,10.889999999999999
382,162,35,10,20.54
383,361,21,9,18.48
384,333,24,7,5.4
385,441,47,6,20.520000000000003
386,577,35,4,20.240000000000002
387,564,48,5,12.18
388,464,29,7,18.46
389,36,19,10,10.4
390,139,20,1,12.56
391,228,14,6,14.85
392,842,45,5,9.57
393,524,36,10,14.22
394,159,7,1,10.89
395,160,9,5,3.1799999999999997
396,597,16,4,15.52
397,308,6,10,14.82
398,940,14,2,18.009999999999998
399,812,31,3,4.65
400,921,45,10,9.120000000000001
401,98,39,5,3.14
402,828,37,7,16.400000000000002
403,58,50,6,12.35
404,837,28,7,13.280000000000001
405,124,50,4,14.139999999999999
406,870,39,1,5.82
407,648,25,1,14.48
408,43,21,9,16.56
409,335,33,4,20.240000000000002
410,690,47,7,22.150000000000002
411,771,39,10,5.24
412,228,28,5,12.629999999999999
413,152,9,6,1.9
414,586,48,1,13.030000000000001
415,269,6,7,15.28
416,793,45,3,8.86
417,493,36,4,12.25
418,668,37,4,18.580000000000002
419,754,34,4,18.37
420,273,50,7,12.239999999999998
421,947,37,2,16.560000000000002
422,424,28,6,10.66
423,329,23,10,8.719999999999999
424,789,20,3,15.650000000000002
425,632,29,10,19.12
426,46,15,4,8.219999999999999
427,160,49,2,16.330000000000002
428,56,16,10,18.54
429,890,19,1,11.870000000000001
430,824,8,5,8.37
431,24,22,4,6.6
432,217,14,9,17.1
433,265,36,8,12.850000000000001
434,145,45,1,7.119999999999999
435,928,43,9,2.92
436,175,4,5,4.46
437,714,40,5,6.9
438,671,1,2,16.16
439,278,43,6,6.609999999999999
440,20,19,7,11.370000000000001
441,390,33,2,23.62
442,497,39,9,3.37
443,204,33,8,22.07
444,730,2,1,20.46
445,543,20,6,13.41
446,763,11,1,14.9
447,361,23,5,6.83
448,514,18,1,9.77
449,900,25,1,17.36
450,972,18,4,7.63
451,919,26,3,9.77
452,392,34,10,21.21
453,703,15,7,6.22
454,157,28,5,13.18
455,338,29,9,19.05
456,669,9,10,3.9699999999999998
457,820,13,3,15.56
458,723,34,3,19.220000000000002
459,931,50,3,13.73
460,579,11,6,13.65
461,546,47,2,18.61
462,860,10,1,11.86
463,902,27,7,16.52
464,764,41,5,4.81
465,193,7,3,9.65
466,781,40,10,7.86
467,581,40,4,9.34
468,237,44,1,13.43
469,705,50,8,11.379999999999999
470,867,39,8,6.17
471,383,12,7,17.39
472,141,11,4,14.36
473,419,49,1,19.98
474,974,27,4,18.490000000000002
475,208,49,4,16.12
476,950,29,10,20.66
477,333,30,4,7.58
478,795,3,10,8.2
479,390,47,6,19.55
480,962,48,10,13.23
481,538,42,1,17.03
482,463,30,1,9.61
483,252,34,9,19.060000000000002
484,753,3,9,6.63
485,784,41,1,4.98
486,451,26,5,12.85
487,293,30,3,7.5600000000000005
488,628,4,9,7.630000000000001
489,475,42,8,15.1
490,513,8,3,9.84
491,961,45,9,6.04
492,424,21,8,14.129999999999999
493,465,38,4,17.38
494,93,17,6,12.33
495,929,46,3,21.92
496,127,6,2,16.2
497,650,24,2,4.32
498,394,47,9,20.53
499,164,25,9,14.82
500,787,11,6,15.879999999999999
501,676,10,3,12.33
502,184,50,1,12.67
503,317,47,8,19.080000000000002
504,186,8,3,10.66
505,4,40,5,6.71
506,510,32,9,13.8
507,623,32,4,11.15
508,676,31,8,4.3
509,82,39,10,3.0
510,904,36,5,12.84
511,571,14,1,15.58
512,57,42,6,14.86
513,875,3,10,8.66
514,306,22,2,3.49
515,427,12,3,18.2
516,626,43,10,5.300000000000001
517,576,12,8,18.55
518,369,3,2,8.35
519,331,24,7,5.65
520,777,28,9,9.379999999999999
521,483,9,2,4.66
522,282,22,9,5.13
523,215,45,4,8.18
524,112,37,9,20.490000000000002
525,496,47,10,21.98
526,724,19,7,13.07
527,325,17,9,11.81
528,639,23,3,8.53
529,509,34,8,19.5
530,185,40,4,9.85
531,199,1,2,14.52
532,641,8,4,9.94
533,425,27,1,16.65
534,574,41,4,4.18
535,207,45,5,6.569999999999999
536,70,20,5,13.49
537,332,50,1,11.29
538,342,22,7,6.529999999999999
539,631,2,3,20.220000000000002
540,854,22,8,7.390000000000001
541,817,3,3,7.06
542,643,30,9,9.690000000000001
543,474,27,1,18.91
544,307,37,6,18.55
545,20,14,10,17.83
546,819,23,2,10.129999999999999
547,288,2,6,23.78
548,642,35,3,21.12
549,399,12,10,15.709999999999999
550,802,49,5,18.990000000000002
551,323,46,1,19.91
552,89,32,4,11.84
553,850,20,4,13.57
554,180,8,6,9.870000000000001
555,797,13,2,16.17
556,26,31,9,3.1399999999999997
557,349,31,9,3.8499999999999996
558,336,10,2,12.120000000000001
559,961,34,3,18.200000000000003
560,38,30,7,8.870000000000001
561,535,8,1,7.74
562,46,44,10,15.73
563,342,30,1,6.12
564,785,43,5,2.8200000000000003
565,777,20,4,12.65
566,198,19,5,12.73
567,792,29,2,19.69
568,162,18,2,7.0200000000000005
569,638,36,9,10.510000000000002
570,556,23,9,7.199999999999999
571,145,46,5,21.270000000000003
572,176,5,5,18.1
573,347,35,8,18.78
574,30,31,1,2.9299999999999997
575,56,6,7,14.78
576,722,39,10,5.800000000000001
577,707,45,8,8.2
578,320,22,4,6.48
579,687,35,2,22.93
580,774,49,8,18.38
581,96,45,8,5.869999999999999
582,318,44,8,13.93
583,971,15,3,9.01
584,632,17,6,10.98
585,717,43,6,6.27
586,904,21,8,16.21
587,67,31,2,4.03
588,473,11,5,16.8
589,619,37,3,18.34
590,416,46,2,20.16
591,666,5,5,17.74
592,411,38,7,14.48
593,250,36,3,14.43
594,394,5,6,16.28
595,711,38,7,16.94
596,446,37,6,18.5
597,242,12,2,18.509999999999998
598,729,37,8,16.560000000000002
599,611,30,6,8.16
600,842,29,3,19.85
601,416,5,10,15.83
602,834,39,7,4.44
603,661,43,1,3.1300000000000003
604,837,9,10,5.59
605,652,1,3,17.38
606,464,35,5,20.3
607,592,29,4,19.39
608,899,21,5,16.59
609,936,44,5,15.940000000000001
610,960,28,6,13.55
611,597,1,10,18.85
612,414,9,5,1.81
613,923,36,1,10.05
614,574,23,2,9.649999999999999
615,887,2,4,21.290000000000003
616,605,26,6,12.57
617,416,25,7,15.559999999999999
618,679,12,8,15.809999999999999
619,569,25,6,16.89
620,158,19,3,10.93
621,74,42,1,15.34
622,907,32,7,14.559999999999999
623,140,6,3,15.91
624,426,30,10,9.850000000000001
625,639,12,8,17.47
626,566,29,7,20.060000000000002
627,191,28,10,9.12
628,511,47,4,20.98
629,276,27,9,17.740000000000002
630,35,3,10,7.06
631,378,8,10,8.51
632,708,6,3,16.31
633,540,49,5,17.91
634,81,34,10,17.68
635,484,41,2,7.21
636,553,38,5,16.17
637,926,22,9,6.77
638,481,30,9,9.74
639,588,47,6,19.67
640,984,19,5,11.08
641,712,39,5,6.24
642,578,17,1,12.05
643,593,11,10,13.57
644,299,48,10,10.68
645,497,6,3,15.299999999999999
646,872,18,5,7.550000000000001
647,288,18,5,7.01
648,115,39,3,7.07
649,757,10,8,10.08
650,180,17,4,11.4
651,819,34,1,18.82
652,87,10,10,12.620000000000001
653,158,32,7,13.64
654,244,43,8,5.99
655,172,14,10,18.05
656,354,4,5,6.96
657,119,4,3,5.65
658,488,20,8,14.57
659,771,35,4,20.26
660,723,25,8,14.29
661,544,28,1,10.39
662,817,29,7,21.51
663,985,34,1,17.720000000000002
664,545,41,6,8.43
665,443,40,5,8.17
666,274,7,5,11.76
667,401,30,4,8.96
668,603,50,4,13.12
669,694,45,3,6.84
670,11,44,1,15.55
671,13,27,2,17.51
672,702,29,6,19.45
673,291,17,4,9.370000000000001
674,635,6,1,17.24
675,673,14,10,17.62
676,726,8,2,10.19
677,134,25,10,16.72
678,190,8,3,7.4799999999999995
679,479,43,2,5.59
680,945,18,7,10.06
681,684,50,6,11.94
682,800,5,5,18.84
683,392,25,6,17.59
684,265,17,3,11.200000000000001
685,504,13,10,15.94
686,661,32,2,10.82
687,788,28,4,11.85
688,109,29,5,18.92
689,75,5,10,18.61
690,796,29,1,22.490000000000002
691,153,42,1,18.89
692,681,25,5,13.79
693,338,26,10,9.389999999999999
694,725,50,8,12.93
695,414,47,2,20.21
696,4,25,8,13.66
697,549,23,6,8.84
698,411,4,2,5.2
699,874,22,2,7.0600000000000005
700,779,50,5,13.7
701,181,36,1,14.4
702,677,13,5,17.3
703,918,7,6,11.01
704,907,41,8,7.4399999999999995
705,144,3,4,5.0
706,608,16,8,16.119999999999997
707,812,35,5,20.8
708,989,29,1,18.630000000000003
709,58,22,1,5.09
710,217,42,9,16.75
711,695,35,3,21.880000000000003
712,239,5,1,18.65
713,501,42,1,16.81
714,941,40,1,7.75
715,665,9,1,2.31
716,52,20,2,13.260000000000002
717,175,38,2,17.09
718,109,8,8,9.02
719,631,15,2,8.76
720,437,22,7,4.73
721,1000,44,10,14.27
722,330,14,1,17.42
723,344,5,2,16.57
724,776,27,3,18.28
725,567,11,8,14.44
726,596,3,3,5.34
727,868,41,10,5.82
728,162,2,8,19.71
729,8,12,2,18.36
730,608,19,7,13.45
731,812,50,8,13.899999999999999
732,212,10,5,10.77
733,422,16,3,17.119999999999997
734,39,39,3,6.2
735,627,6,5,14.59
736,5,36,4,10.91
737,543,7,10,10.45
738,780,35,9,19.54
739,789,41,4,5.37
740,199,8,3,9.42
741,992,31,8,3.24
742,687,3,1,7.789999999999999
743,292,14,7,15.879999999999999
744,632,49,8,16.01
745,759,4,9,4.35
746,805,2,8,21.67
747,73,16,8,17.04
748,334,27,4,18.51
749,920,21,4,17.53
750,334,15,2,6.21
751,423,13,7,18.18
752,76,31,10,4.63
753,912,28,3,10.06
754,625,30,3,7.4
755,140,30,4,8.5
756,999,18,4,8.46
757,33,45,10,5.699999999999999
758,140,8,8,8.4
759,176,49,6,16.81
760,303,39,3,6.52
761,654,40,3,9.26
762,567,15,2,6.99
763,535,32,4,12.83
764,858,30,5,5.73
765,439,48,4,11.68
766,445,38,4,17.42
767,606,10,10,12.46
768,428,3,1,9.35
769,752,50,9,10.93
770,544,26,8,13.009999999999998
771,714,7,8,11.05
772,86,36,1,13.170000000000002
773,417,14,3,16.36
774,245,42,2,14.76
775,686,20,3,14.370000000000001
776,879,37,10,16.16
777,466,30,3,9.59
778,416,12,6,18.0
779,721,41,1,8.0
780,73,25,6,15.5
781,304,28,5,12.23
782,628,35,10,22.130000000000003
783,807,44,2,14.600000000000001
784,344,48,1,12.88
785,932,44,6,15.81
786,114,25,6,15.2
787,42,24,6,2.75
788,573,46,2,21.21
789,793,14,3,19.17
790,245,35,2,21.47
791,756,49,10,19.740000000000002
792,720,14,4,16.19
793,920,18,9,10.01
794,284,4,2,5.24
795,464,32,9,12.54
796,126,31,9,5.5
797,546,19,8,13.120000000000001
798,820,44,2,12.66
799,906,30,2,6.0200000000000005
800,920,12,5,19.49
801,79,7,3,10.06
802,714,10,8,9.1
803,210,34,1,18.6
804,993,44,9,16.0
805,486,23,7,7.77
806,661,2,5,20.200000000000003
807,23,15,9,8.04
808,422,38,6,16.36
809,806,21,8,16.689999999999998
810,714,34,9,19.28
811,312,37,3,20.09
812,314,11,5,14.36
813,381,19,1,11.0
814,292,30,3,8.44
815,165,46,9,19.970000000000002
816,997,12,3,15.91
817,120,3,6,7.4799999999999995
818,452,17,6,10.05
819,576,46,1,21.68
820,353,10,6,10.44
821,999,11,9,14.7
822,943,2,7,23.540000000000003
823,787,10,8,12.6
824,160,1,9,18.8
825,340,42,5,16.82
826,297,49,10,18.82
827,819,37,8,17.57
828,116,47,8,21.830000000000002
829,143,44,9,12.34
830,26,26,10,13.149999999999999
831,457,23,2,7.239999999999999
832,623,42,4,17.32
833,228,50,5,11.66
834,86,35,8,21.6
835,981,6,9,14.79
836,503,21,10,16.74
837,967,4,6,5.35
838,734,28,6,10.83
839,13,19,6,11.91
840,457,36,2,11.020000000000001
841,910,29,7,22.080000000000002
842,296,11,7,16.62
843,425,9,10,4.22
844,148,14,5,16.89
845,889,34,6,17.580000000000002
846,984,38,7,13.81
847,420,41,5,6.0
848,570,30,10,9.06
849,141,13,3,17.92
850,297,36,8,10.24
851,847,20,10,12.580000000000002
852,573,48,8,11.57
853,811,1,3,15.59
854,979,41,8,4.6899999999999995
855,682,19,7,11.14
856,929,45,4,5.56
857,784,18,8,11.42
858,69,39,6,5.58
859,580,28,5,11.92
860,488,45,2,7.109999999999999
861,751,37,1,19.85
862,167,38,1,14.07
863,473,45,3,7.039999999999999
864,55,18,6,8.84
865,934,23,1,7.069999999999999
866,543,41,2,6.4399999999999995
867,785,41,3,7.57
868,614,49,3,18.27
869,894,21,5,15.24
870,715,45,6,5.859999999999999
871,594,23,3,5.83
872,531,19,6,13.83
873,422,22,3,3.73
874,159,33,4,23.29
875,815,36,10,13.15
876,976,34,9,20.490000000000002
877,720,49,2,17.7
878,939,5,2,19.02
879,946,2,8,20.92
880,708,24,3,5.64
881,912,39,9,6.41
882,351,12,5,15.31
883,835,8,4,6.92
884,711,10,4,9.8
885,215,9,2,3.4400000000000004
886,782,8,2,6.42
887,496,49,7,16.01
888,111,3,9,7.56
889,481,8,5,6.529999999999999
890,309,43,1,6.12
891,802,8,10,7.26
892,923,13,3,17.19
893,30,6,3,16.83
894,965,18,10,8.52
895,165,33,10,20.64
896,584,5,2,19.03
897,782,1,9,15.39
898,197,19,3,14.39
899,551,1,2,18.57
900,943,33,8,21.2
901,604,12,8,18.21
902,110,12,6,19.6
903,435,14,9,15.77
904,116,49,6,16.38
905,113,34,3,19.51
906,370,46,5,21.200000000000003
907,42,6,6,15.24
908,395,19,8,13.030000000000001
909,320,44,8,12.83
910,418,19,7,11.18
911,72,31,6,3.26
912,691,32,2,11.95
913,536,43,2,3.2600000000000002
914,405,26,10,13.77
915,760,11,2,14.98
916,204,22,4,5.95
917,414,8,4,10.11
918,743,32,5,13.61
919,785,38,10,14.64
920,809,42,7,16.29
921,683,39,7,7.41
922,524,18,3,10.41
923,111,8,5,8.54
924,237,41,3,4.26
925,756,4,2,5.800000000000001
926,28,12,7,17.9
927,335,10,5,11.219999999999999
928,99,49,2,18.79
929,533,50,8,14.35
930,207,19,8,12.54
931,268,35,6,22.19
932,554,35,1,22.84
933,33,28,2,10.82
934,323,25,8,15.18
935,34,12,9,18.15
936,799,20,3,13.420000000000002
937,138,20,7,13.4
938,113,37,8,19.02
939,702,35,10,20.66
940,576,11,9,13.59
941,270,32,10,14.54
942,632,44,6,15.260000000000002
943,292,21,1,14.15
944,47,9,6,3.0999999999999996
945,760,38,1,16.85
946,641,22,7,3.71
947,354,23,7,7.35
948,678,16,4,15.43
949,320,38,2,17.509999999999998
950,68,20,2,12.73
951,21,35,6,18.720000000000002
952,674,28,10,11.41
953,432,18,1,10.08
954,603,2,6,21.05
955,400,21,10,14.459999999999999
956,501,7,4,10.33
957,515,49,6,16.57
958,307,24,7,2.87
959,651,5,9,16.3
960,272,4,5,8.040000000000001
961,412,15,10,8.48
962,95,46,10,19.12
963,345,18,2,9.5
964,544,31,7,3.3899999999999997
965,815,5,5,17.61
966,308,28,9,10.5
967,425,26,5,12.18
968,465,43,9,3.5300000000000002
969,20,41,9,8.01
970,591,32,4,13.14
971,844,48,8,11.77
972,654,35,10,22.39
973,929,28,10,12.36
974,62,34,4,18.92
975,152,16,3,17.73
976,784,20,7,13.06
977,881,5,4,19.15
978,274,19,3,11.48
979,616,16,7,15.44
980,154,13,1,15.28
981,848,20,8,13.39
982,447,28,1,10.0
983,280,9,1,2.69
984,823,18,9,7.74
985,873,3,8,8.41
986,57,6,6,15.73
987,888,5,7,19.38
988,688,43,2,4.51
989,860,47,3,18.84
990,585,48,9,14.760000000000002
991,535,43,10,6.99
992,954,34,5,19.51
993,93,16,10,14.92
994,827,21,6,17.77
995,755,25,4,17.32
996,224,10,2,9.21
997,994,18,8,8.79
998,884,38,1,15.620000000000001
999,384,45,2,6.85
1000,434,31,4,6.78
1001,901,10,6,10.56
1002,377,20,1,14.110000000000001
1003,927,39,1,6.76
1004,679,4,4,4.7
1005,394,20,6,15.27
1006,702,8,9,10.24
1007,879,29,7,18.5
1008,984,26,5,10.719999999999999
1009,959,49,4,17.16
1010,881,11,8,16.18
1011,901,50,7,14.329999999999998
1012,281,6,8,15.14
1013,423,22,7,7.220000000000001
1014,840,7,3,11.96
1015,519,5,6,17.23
1016,747,36,6,12.09
1017,29,49,1,18.71
1018,189,41,8,7.6899999999999995
1019,140,1,7,15.31
1020,313,21,10,14.389999999999999
1021,162,16,9,17.58
1022,787,42,3,18.5
1023,703,27,6,17.18
1024,895,48,3,11.73
1025,704,38,6,17.009999999999998
1026,204,6,7,14.67
1027,403,25,10,14.12
1028,971,2,9,22.26
1029,642,15,2,9.52
1030,204,17,3,9.440000000000001
1031,633,28,10,10.26
1032,92,24,3,6.22
1033,121,1,9,16.37
1034,943,30,8,6.19
1035,731,14,4,19.009999999999998
1036,833,18,5,10.31
1037,392,9,7,5.38
1038,615,14,5,18.02
1039,194,27,3,16.990000000000002
1040,150,2,5,23.740000000000002
1041,242,40,8,10.74
1042,379,38,8,13.8
1043,481,9,6,5.91
1044,408,44,4,15.02
1045,726,28,10,10.24
1046,98,36,1,10.280000000000001
1047,954,16,8,18.46
1048,621,43,10,5.91
1049,830,3,1,6.029999999999999
1050,635,25,5,17.509999999999998
1051,688,24,3,6.32
1052,573,3,10,5.699999999999999
1053,174,33,8,23.740000000000002
1054,899,30,3,6.0600000000000005
1055,728,34,7,17.92
1056,120,21,1,18.42
1057,512,18,6,11.120000000000001
1058,290,17,10,12.950000000000001
1059,949,17,9,10.63
1060,915,11,6,16.66
1061,504,49,3,18.32
1062,946,43,8,2.96
1063,153,4,4,4.38
1064,482,17,3,12.4
1065,447,8,8,6.52
1066,366,46,9,20.87
1067,505,8,3,6.9
1068,96,14,5,15.56
1069,173,48,9,14.260000000000002
1070,577,43,10,3.68
1071,995,1,9,17.86
1072,185,27,2,16.26
1073,511,44,2,15.8
1074,27,19,2,12.1
1075,605,7,6,9.51
1076,84,30,8,7.7
1077,979,18,10,9.91
1078,338,3,10,9.17
1079,333,47,10,18.36
1080,884,4,5,5.01
1081,57,48,2,13.02
1082,617,25,2,14.899999999999999
1083,183,16,7,14.77
1084,873,14,3,16.5
1085,413,19,3,10.870000000000001
1086,503,28,5,13.16
1087,618,9,6,4.5200000000000005
1088,853,24,9,2.86
1089,457,25,8,14.32
1090,615,28,2,12.49
1091,831,24,10,2.8
1092,646,28,2,9.27
1093,350,30,4,8.57
1094,731,10,8,10.79
1095,663,34,2,18.59
1096,448,6,8,14.37
1097,131,44,5,15.600000000000001
1098,536,28,5,11.65
1099,565,5,1,17.65
1100,523,28,7,9.52
1101,677,47,10,21.44
1102,364,17,10,9.59
1103,516,2,2,22.68
1104,474,12,3,18.97
1105,47,6,7,16.97
1106,305,21,10,17.28
1107,776,43,8,5.53
1108,272,22,3,4.22
1109,81,48,10,11.73
1110,690,7,7,11.22
1111,6,26,2,9.43
1112,672,31,8,5.56
1113,890,43,10,5.99
1114,311,40,10,8.280000000000001
1115,690,45,7,9.05
1116,90,9,3,1.59
1117,115,2,4,23.220000000000002
1118,215,31,3,5.37
1119,447,41,9,4.99
1120,309,50,8,11.45
1121,433,2,2,20.1
1122,157,48,8,14.9
1123,483,2,8,21.98
1124,207,19,10,14.06
1125,402,4,6,3.6
1126,646,46,7,23.1
1127,869,32,10,12.85
1128,568,19,1,12.52
1129,498,33,10,22.810000000000002
1130,958,44,8,12.850000000000001
1131,63,34,1,19.18
1132,324,36,2,11.260000000000002
1133,664,27,8,15.68
1134,638,42,6,16.71
1135,447,2,3,20.650000000000002
1136,197,31,6,4.42
1137,520,15,10,9.23
1138,348,39,8,3.5600000000000005
1139,301,47,7,22.1
1140,854,44,6,15.39
1141,819,11,10,14.27
1142,708,48,2,13.56
1143,133,12,4,15.879999999999999
1144,504,7,7,13.06
1145,506,20,4,12.15
1146,49,2,6,23.310000000000002
1147,366,44,3,12.600000000000001
1148,881,33,1,23.18
1149,346,28,2,11.87
1150,124,36,4,12.24
1151,349,23,1,9.24
1152,571,18,3,10.79
1153,895,33,10,22.560000000000002
1154,724,4,8,7.16
1155,986,49,2,20.21
1156,801,40,10,10.18
1157,971,7,9,9.01
1158,108,11,2,17.259999999999998
1159,933,24,3,5.24
1160,726,29,9,20.700000000000003
1161,892,7,3,11.73
1162,343,9,2,5.3500000000000005
1163,450,27,1,16.25
1164,829,31,6,3.74
1165,176,6,5,14.7
1166,773,27,6,17.98
1167,252,10,9,10.32
1168,234,9,7,3.3899999999999997
1169,420,30,9,9.24
1170,371,2,8,20.01
1171,11,46,9,22.94
1172,87,22,6,5.08
1173,791,11,7,13.62
1174,778,3,3,8.95
1175,60,41,9,8.51
1176,430,26,9,13.299999999999999
1177,739,48,6,14.65
1178,9,18,9,9.7
1179,151,45,7,7.4399999999999995
1180,211,35,10,22.1
1181,668,29,6,22.450000000000003
1182,801,42,7,18.18
1183,903,20,2,11.38
1184,343,25,3,15.45
1185,554,19,4,10.75
1186,566,20,9,12.74
1187,651,11,1,13.47
1188,816,35,10,19.71
1189,853,50,5,14.049999999999999
1190,518,8,1,10.129999999999999
1191,266,41,9,5.73
1192,49,49,2,17.84
1193,587,48,1,12.600000000000001
1194,242,48,10,13.11
1195,916,41,9,7.93
1196,240,23,5,7.05
1197,804,46,10,21.720000000000002
1198,732,25,9,16.43
1199,108,21,9,16.64
1200,843,50,6,12.82
1201,151,46,7,22.42
1202,84,6,1,14.93
1203,134,31,4,4.46
1204,379,44,9,13.620000000000001
1205,573,34,7,21.200000000000003
1206,599,32,7,14.65
1207,706,32,7,13.879999999999999
1208,148,33,3,21.73
1209,469,9,9,5.41
1210,121,45,4,7.4799999999999995
1211,34,48,3,14.81
1212,379,8,10,10.18
1213,113,8,6,8.91
1214,42,34,3,17.810000000000002
1215,313,24,5,3.2800000000000002
1216,29,10,3,11.95
1217,432,4,5,7.5600000000000005
1218,221,12,8,15.19
1219,561,23,2,9.69
1220,428,31,10,3.84
1221,464,22,7,5.41
1222,738,39,3,6.4
1223,517,41,8,7.5600000000000005
1224,684,29,3,22.36
1225,334,6,10,16.009999999999998
1226,420,25,4,17.16
1227,348,35,1,22.86
1228,912,29,5,21.37
1229,887,11,1,15.91
1230,816,50,5,13.299999999999999
1231,127,42,9,15.07
1232,979,40,9,9.26
1233,55,37,9,16.900000000000002
1234,488,33,1,20.09
1235,959,35,3,22.880000000000003
1236,282,14,4,18.48
1237,860,38,8,13.790000000000001
1238,547,39,6,4.78
1239,47,32,1,11.7
1240,185,27,1,19.02
1241,325,25,5,13.52
1242,102,35,3,19.830000000000002
1243,188,17,2,9.91
1244,976,27,3,15.42
1245,985,21,3,14.139999999999999
1246,60,20,7,11.65
1247,146,27,6,16.31
1248,965,8,1,7.25
1249,771,39,10,4.03
1250,521,49,9,17.55
1251,118,18,1,8.38
1252,567,27,2,17.330000000000002
1253,418,41,4,8.24
1254,20,18,9,11.29
1255,692,7,4,12.25
1256,668,9,5,4.09
1257,457,6,9,13.94
1258,992,10,6,10.85
1259,173,16,9,18.66
1260,985,36,8,10.24
1261,833,30,10,6.96
1262,996,11,1,13.61
1263,944,31,5,5.14
1264,860,44,7,16.310000000000002
1265,863,41,4,6.76
1266,523,19,1,11.06
1267,547,37,2,17.400000000000002
1268,405,45,2,9.17
1269,743,36,5,14.0
1270,216,40,9,10.969999999999999
1271,326,44,6,14.67
1272,771,46,8,19.92
1273,679,21,6,14.969999999999999
1274,983,39,6,3.04
1275,709,9,1,4.2700000000000005
1276,5,1,3,16.27
1277,917,45,8,8.86
1278,552,6,2,15.44
1279,914,43,8,5.75
1280,362,25,10,14.719999999999999
1281,182,50,1,11.34
1282,380,13,8,14.21
1283,761,2,5,22.41
1284,727,23,4,6.17
1285,629,41,5,7.77
1286,227,15,8,9.489999999999998
1287,38,18,8,11.02
1288,724,39,4,3.0
1289,841,41,7,4.63
1290,285,37,9,18.27
1291,566,13,10,17.19
1292,618,37,3,16.34
1293,132,48,2,11.13
1294,956,37,4,20.01
1295,747,18,4,10.76
1296,24,45,9,8.2
1297,698,36,8,10.06
1298,438,42,1,18.53
1299,331,28,7,10.32
1300,697,34,8,19.51
1301,530,49,1,19.8
1302,230,4,5,7.6899999999999995
1303,546,29,6,18.48
1304,200,22,2,7.23
1305,828,2,4,23.75
1306,434,5,4,16.23
1307,338,20,2,14.030000000000001
1308,100,2,8,21.290000000000003
1309,25,38,6,17.19
1310,254,7,8,9.89
1311,349,4,6,5.9
1312,243,5,10,18.13
1313,783,7,8,11.43
1314,88,4,1,5.26
1315,912,45,2,8.95
1316,64,29,1,19.82
1317,642,28,2,9.55
1318,58,36,1,11.38
1319,391,26,2,12.149999999999999
1320,421,15,10,8.68
1321,639,1,8,16.14
1322,815,28,10,11.879999999999999
1323,348,42,1,16.73
1324,337,38,4,13.9
1325,13,39,2,5.640000000000001
1326,861,13,10,14.74
1327,522,17,6,11.110000000000001
1328,743,40,8,7.5
1329,141,3,1,5.46
1330,599,28,9,13.41
1331,773,23,5,8.399999999999999
1332,555,50,3,11.44
1333,317,39,6,4.28
1334,994,1,9,17.05
1335,695,10,1,9.49
1336,839,36,1,11.950000000000001
1337,201,13,4,17.7
1338,350,13,8,17.3
1339,479,39,6,6.800000000000001
1340,580,22,10,4.62
1341,337,11,2,15.379999999999999
1342,809,3,8,5.88
1343,4,41,4,7.25
1344,478,40,4,7.74
1345,753,50,6,14.41
1346,385,14,7,15.58
1347,7,24,1,2.29
1348,31,36,2,10.690000000000001
1349,451,13,10,18.28
1350,369,3,1,5.789999999999999
1351,291,12,4,19.16
1352,737,12,6,18.99
1353,252,12,4,15.28
1354,864,17,2,9.31
1355,694,9,7,4.48
1356,907,8,6,10.55
1357,313,30,4,7.32
1358,382,43,3,6.960000000000001
1359,819,40,7,10.61
1360,67,8,3,10.309999999999999
1361,134,13,4,16.57
1362,712,24,6,4.66
1363,652,16,1,17.8
1364,602,13,9,15.49
1365,153,21,4,14.26
1366,815,18,3,10.780000000000001
1367,992,38,8,14.35
1368,84,31,10,2.74
1369,521,25,9,14.79
1370,532,30,3,7.11
1371,383,34,8,20.5
1372,507,31,5,5.07
1373,654,38,1,14.34
1374,917,13,8,18.05
1375,406,14,5,16.66
1376,387,37,3,20.26
1377,384,17,9,9.600000000000001
1378,770,6,5,15.02
1379,361,15,10,5.33
1380,525,40,6,8.58
1381,479,28,7,10.74
1382,510,21,5,15.74
1383,184,29,4,19.66
1384,78,23,2,7.1
1385,514,33,9,22.45
1386,805,18,4,7.390000000000001
1387,74,24,1,4.42
1388,342,13,6,15.3
1389,764,50,5,11.639999999999999
1390,619,9,9,5.640000000000001
1391,9,50,5,12.049999999999999
1392,355,26,7,13.07
1393,776,42,1,16.81
1394,525,49,3,19.71
1395,234,15,4,7.27
1396,529,38,9,16.82
1397,740,30,6,9.219999999999999
1398,321,13,7,17.64
1399,715,27,4,17.12
1400,874,36,1,11.74
1401,592,9,5,5.78
1402,10,32,6,11.7
1403,430,28,7,12.52
1404,708,35,5,20.02
1405,24,37,1,20.200000000000003
1406,158,22,10,6.1
1407,618,39,10,6.870000000000001
1408,391,14,7,15.04
1409,396,13,8,14.66
1410,584,29,5,18.880000000000003
1411,107,44,9,12.610000000000001
1412,847,45,10,7.63
1413,192,13,2,18.27
1414,396,19,4,11.38
1415,676,34,2,19.330000000000002
1416,378,34,1,18.05
1417,881,27,7,15.86
1418,114,9,9,3.41
1419,761,5,7,19.64
1420,887,14,3,18.67
1421,318,28,8,9.8
1422,589,20,10,12.120000000000001
1423,734,44,8,13.05
1424,8,10,8,8.71
1425,409,39,4,5.34
1426,933,37,8,18.12
1427,590,3,2,6.1899999999999995
1428,903,30,6,8.81
1429,729,20,7,13.97
1430,830,12,7,16.3
1431,922,40,7,8.72
1432,933,43,3,5.86
1433,98,26,1,10.45
1434,892,11,5,17.31
1435,551,19,2,13.47
1436,740,14,8,16.6
1437,781,36,2,14.530000000000001
1438,79,49,2,18.09
1439,799,21,7,16.05
1440,259,14,9,14.95
1441,28,5,8,17.06
1442,764,26,4,11.16
1443,11,17,2,12.41
1444,140,21,8,16.2
1445,70,6,9,15.98
1446,731,29,3,20.580000000000002
1447,286,11,3,17.11
1448,622,7,3,10.14
1449,548,48,7,11.32
1450,688,49,1,18.87
1451,158,29,6,19.26
1452,732,3,9,5.859999999999999
1453,714,4,9,6.4399999999999995
1454,734,43,2,4.48
1455,316,29,1,21.150000000000002
1456,50,50,7,14.23
1457,952,16,6,18.46
1458,205,6,1,14.92
1459,15,22,4,6.33
1460,65,15,2,8.73
1461,851,43,3,5.98
1462,46,27,9,15.63
1463,335,21,9,16.84
1464,640,14,9,16.53
1465,439,8,4,7.3
1466,366,21,3,14.09
1467,670,21,1,15.77
1468,470,15,2,8.1
1469,286,42,10,16.35
1470,69,14,7,16.11
1471,614,32,2,13.379999999999999
1472,811,37,3,17.18
1473,98,39,6,7.390000000000001
1474,714,25,3,14.6
1475,651,49,6,20.22
1476,683,31,2,3.96
1477,624,38,8,15.13
1478,656,48,4,12.83
1479,722,1,4,14.51
1480,778,8,5,7.4
1481,439,49,4,18.61
1482,62,9,6,3.7700000000000005
1483,207,10,7,9.34
1484,39,16,10,18.82
1485,455,48,6,11.16
1486,326,42,1,17.03
1487,425,42,5,18.07
1488,235,47,6,19.32
1489,211,35,1,22.630000000000003
1490,681,16,4,17.11
1491,391,34,6,18.11
1492,645,1,2,18.32
1493,72,13,1,17.02
1494,145,14,3,15.16
1495,607,36,4,11.110000000000001
1496,81,28,8,10.49
1497,739,13,4,16.08
1498,621,16,5,15.649999999999999
1499,460,41,4,5.35
1500,801,31,2,6.73
1501,369,26,7,10.12
1502,452,28,9,11.83
1503,444,49,3,19.51
1504,813,31,1,5.88
1505,438,6,5,15.7
1506,157,36,3,11.21
1507,475,20,8,12.48
1508,576,39,8,3.29
1509,140,46,8,19.57
1510,939,13,1,14.23
1511,513,47,6,19.990000000000002
1512,948,27,7,19.52
1513,383,25,8,14.5
1514,603,5,7,19.32
1515,944,8,7,10.530000000000001
1516,167,13,7,18.48
1517,790,49,6,18.11
1518,501,41,6,7.26
1519,667,25,7,16.419999999999998
1520,249,31,1,6.6000000000000005
1521,371,41,1,7.27
1522,661,10,5,11.14
1523,967,44,3,12.950000000000001
1524,617,38,3,13.47
1525,790,6,7,14.809999999999999
1526,601,6,9,17.11
1527,898,28,3,12.82
1528,259,45,5,7.68
1529,546,43,7,5.36
1530,752,27,2,15.64
1531,587,50,6,14.44
1532,276,48,4,14.75
1533,408,45,5,5.46
1534,173,32,1,10.61
1535,793,45,7,7.789999999999999
1536,671,19,7,11.1
1537,384,12,3,16.07
1538,187,33,2,21.580000000000002
1539,834,14,3,15.65
1540,768,12,4,16.35
1541,924,27,8,17.97
1542,640,7,3,9.18
1543,88,25,2,14.36
1544,351,2,10,20.41
1545,497,44,2,11.850000000000001
1546,273,49,1,18.810000000000002
1547,809,3,2,5.84
1548,811,1,7,17.12
1549,986,49,5,20.01
1550,485,49,6,18.54
1551,345,24,6,6.46
1552,837,16,6,17.36
1553,388,40,1,11.05
1554,895,22,2,3.2800000000000002
1555,892,45,7,8.69
1556,910,9,1,4.24
1557,890,34,5,21.560000000000002
1558,770,16,6,16.4
1559,703,43,8,5.04
1560,677,13,1,18.61
1561,981,21,1,16.87
1562,895,3,6,7.9399999999999995
1563,240,39,8,4.77
1564,628,6,6,14.95
1565,954,31,2,5.75
1566,301,39,4,6.17
1567,891,34,10,20.810000000000002
1568,734,33,1,20.130000000000003
1569,816,6,5,16.77
1570,562,30,3,9.690000000000001
1571,978,8,8,9.32
1572,247,16,4,15.139999999999999
1573,967,43,2,3.1900000000000004
1574,733,2,3,23.53
1575,335,25,5,14.1
1576,264,43,8,7.0
1577,687,8,3,10.49
1578,649,47,8,18.19
1579,709,22,4,7.460000000000001
1580,785,39,2,5.87
1581,387,46,7,21.630000000000003
1582,804,36,7,13.690000000000001
1583,229,17,2,10.530000000000001
1584,115,6,6,16.35
1585,960,13,2,16.75
1586,131,21,7,16.62
1587,2,20,1,13.870000000000001
1588,195,25,7,14.549999999999999
1589,374,44,3,14.15
1590,617,38,4,13.89
1591,10,35,8,19.97
1592,836,19,4,12.58
1593,467,10,10,9.7
1594,765,43,1,5.41
1595,317,33,2,20.78
1596,869,46,10,20.84
1597,849,14,8,16.06
1598,990,25,1,17.53
1599,342,10,4,12.24
1600,957,15,1,9.29
1601,795,12,8,18.45
1602,307,43,3,7.18
1603,562,26,6,11.27
1604,485,23,7,7.529999999999999
1605,541,47,5,19.05
1606,946,13,9,15.94
1607,135,21,10,17.92
1608,56,46,5,20.75
1609,168,37,3,18.04
1610,495,19,3,11.27
1611,824,48,4,13.870000000000001
1612,10,24,10,2.42
1613,805,10,7,12.7
1614,438,44,3,15.98
1615,99,23,8,6.58
1616,54,8,9,9.27
1617,608,28,3,11.91
1618,414,16,1,14.899999999999999
1619,407,32,5,13.27
1620,978,12,7,18.67
1621,815,43,2,6.220000000000001
1622,886,42,7,15.93
1623,669,29,6,18.51
1624,120,6,2,15.219999999999999
1625,685,33,4,19.650000000000002
1626,587,37,8,17.28
1627,764,7,10,9.63
1628,496,42,7,16.03
1629,129,7,6,9.11
1630,931,35,3,20.37
1631,718,2,7,21.85
1632,550,34,8,17.57
1633,858,38,9,16.62
1634,810,42,2,18.08
1635,213,43,2,3.5300000000000002
1636,614,45,3,5.449999999999999
1637,458,21,2,14.2
1638,589,14,3,15.15
1639,263,49,1,16.2
1640,128,33,5,21.19
1641,558,11,7,17.740000000000002
1642,674,1,4,15.76
1643,969,34,5,20.25
1644,456,9,10,3.74
1645,321,34,6,20.01
1646,523,14,2,17.73
1647,46,16,1,15.219999999999999
1648,307,14,3,17.46
1649,222,38,6,14.66
1650,747,40,7,6.99
1651,262,17,7,12.14
1652,168,26,8,9.739999999999998
1653,261,44,7,16.04
1654,147,35,4,18.87
1655,751,18,4,10.17
1656,578,43,9,5.44
1657,430,10,6,12.89
1658,445,25,1,17.45
1659,254,5,5,15.9
1660,113,44,9,13.64
1661,338,41,2,5.76
1662,342,50,5,11.44
1663,818,15,5,5.18
1664,387,15,7,9.42
1665,802,8,3,8.71
1666,897,20,10,14.91
1667,502,7,9,10.39
1668,586,19,9,11.55
1669,102,4,3,4.99
1670,770,25,3,14.66
1671,760,44,9,14.290000000000001
1672,904,26,8,12.04
1673,266,1,9,17.62
1674,674,9,3,3.2300000000000004
1675,754,18,1,11.08
1676,655,24,4,5.01
1677,429,46,8,19.51
1678,363,30,9,6.95
1679,976,28,9,13.33
1680,903,15,5,8.0
1681,90,20,7,14.680000000000001
1682,866,6,2,13.37
1683,246,6,3,15.61
1684,87,48,5,13.05
1685,505,1,7,17.46
1686,955,47,3,19.94
1687,528,44,9,14.950000000000001
1688,416,1,10,15.27
1689,852,48,1,13.77
1690,720,35,6,19.650000000000002
1691,757,43,9,5.800000000000001
1692,44,39,8,7.3100000000000005
1693,691,49,9,19.89
1694,180,5,6,19.12
1695,527,23,1,7.67
1696,389,11,6,17.7
1697,347,44,4,15.55
1698,872,50,2,12.09
1699,495,19,5,11.29
1700,756,41,10,5.9
1701,946,20,9,14.93
1702,37,30,10,9.48
1703,59,23,1,8.54
1704,337,20,6,11.690000000000001
1705,359,47,3,19.59
1706,10,7,7,11.030000000000001
1707,87,34,9,21.32
1708,421,8,8,6.37
1709,788,43,5,3.74
1710,405,24,5,3.6
1711,914,12,9,18.83
1712,112,29,8,19.19
1713,363,48,7,10.59
1714,905,46,4,19.19
1715,292,3,3,6.67
1716,762,22,1,3.99
1717,204,31,5,2.98
1718,501,36,8,13.65
1719,732,9,6,4.91
1720,800,26,9,12.639999999999999
1721,760,25,3,13.6
1722,111,2,3,20.05
1723,513,1,4,14.64
1724,850,22,7,7.66
1725,756,1,7,16.57
1726,289,32,2,13.59
1727,254,40,3,9.94
1728,192,16,5,17.82
1729,885,17,4,12.22
1730,440,13,8,17.35
1731,830,7,9,11.57
1732,194,38,3,14.44
1733,136,26,1,10.6
1734,197,10,7,8.5
1735,205,6,1,14.73
1736,538,20,4,12.21
1737,437,31,1,4.74
1738,660,4,5,4.0600000000000005
1739,373,18,6,10.15
1740,253,21,1,14.84
1741,1,4,6,4.51
1742,484,18,10,7.4
1743,190,17,8,10.860000000000001
1744,312,8,2,9.35
1745,700,36,3,11.540000000000001
1746,760,24,10,4.34
1747,381,16,5,15.319999999999999
1748,394,6,2,13.61
1749,761,39,2,3.1500000000000004
1750,992,42,4,15.559999999999999
1751,457,7,2,13.06
1752,634,22,5,6.529999999999999
1753,780,13,9,17.41
1754,45,9,4,3.41
1755,729,17,9,13.61
1756,917,24,8,4.79
1757,121,28,2,11.26
1758,537,33,1,20.3
1759,281,45,3,6.7299999999999995
1760,979,37,1,19.62
1761,711,13,7,16.4
1762,546,33,2,20.29
1763,769,33,7,22.080000000000002
1764,400,26,10,10.59
1765,189,1,3,16.98
1766,607,45,1,9.39
1767,810,33,8,21.82
1768,738,34,5,18.650000000000002
1769,226,19,5,12.81
1770,176,15,1,7.539999999999999
1771,299,3,3,9.129999999999999
1772,285,9,5,5.46
1773,53,42,4,19.14
1774,216,35,2,18.560000000000002
1775,356,41,10,8.5
1776,333,6,9,14.209999999999999
1777,137,27,10,16.48
1778,59,41,1,7.84
1779,225,47,5,18.580000000000002
1780,995,2,9,22.310000000000002
1781,889,50,10,11.26
1782,764,45,7,9.69
1783,264,41,10,6.609999999999999
1784,837,29,4,19.92
1785,209,38,7,14.11
1786,238,47,7,19.44
1787,924,31,2,4.68
1788,471,12,3,16.03
1789,503,47,3,20.69
1790,22,20,3,15.190000000000001
1791,838,26,10,10.219999999999999
1792,147,5,7,16.44
1793,931,42,7,15.139999999999999
1794,540,9,1,4.24
1795,387,25,1,13.61
1796,14,49,1,16.41
1797,789,6,5,13.66
1798,643,39,1,6.540000000000001
1799,10,7,9,12.13
1800,347,46,2,19.6
1801,492,49,10,19.84
1802,836,11,5,14.83
1803,159,16,1,16.82
1804,274,41,9,4.68
1805,845,3,2,7.34
1806,106,33,7,20.19
1807,935,15,1,6.16
1808,395,10,6,11.370000000000001
1809,232,44,7,14.9
1810,733,8,8,7.1
1811,113,15,2,9.44
1812,289,23,2,8.54
1813,122,24,2,5.99
1814,620,10,3,10.35
1815,343,39,3,6.03
1816,154,43,5,5.53
1817,294,23,2,6.989999999999999
1818,512,43,6,6.92
1819,831,46,2,22.240000000000002
1820,883,10,3,9.86
1821,400,29,8,22.130000000000003
1822,116,37,7,20.37
1823,286,10,2,9.87
1824,131,12,7,16.77
1825,507,28,8,12.21
1826,424,39,6,3.5900000000000003
1827,967,42,4,16.41
1828,563,32,9,12.57
1829,546,35,4,20.28
1830,595,46,7,21.060000000000002
1831,796,45,4,8.59
1832,241,24,1,2.87
1833,872,2,6,21.86
1834,981,9,2,1.8
1835,358,24,3,3.29
1836,148,36,7,11.14
1837,848,15,1,8.5
1838,121,45,3,7.13
1839,27,45,7,7.1
1840,719,7,10,9.15
1841,858,39,3,3.1100000000000003
1842,375,10,2,9.52
1843,13,37,7,16.72
1844,187,31,3,5.82
1845,716,20,8,13.06
1846,346,29,1,19.75
1847,160,4,1,6.28
1848,178,33,3,19.6
1849,853,28,8,11.58
1850,850,17,10,11.48
1851,727,15,7,9.33
1852,279,6,9,14.719999999999999
1853,974,9,4,3.33
1854,58,15,7,5.97
1855,764,36,10,13.84
1856,837,45,8,7.58
1857,669,42,7,18.41
1858,169,4,6,6.470000000000001
1859,200,18,2,7.42
1860,372,39,6,3.1
1861,289,11,9,13.82
1862,217,39,1,6.37
1863,317,13,9,15.08
1864,952,3,4,6.1
1865,584,37,1,18.59
1866,810,31,1,2.67
1867,96,20,1,15.620000000000001
1868,770,19,7,12.58
1869,323,49,7,19.09
1870,998,9,2,3.02
1871,919,48,9,11.01
1872,827,50,3,10.889999999999999
1873,816,25,8,15.75
1874,873,3,5,5.619999999999999
1875,699,30,2,9.64
1876,96,46,4,22.67
1877,827,44,3,15.27
1878,165,33,9,24.02
1879,624,42,9,18.88
1880,350,29,3,19.990000000000002
1881,369,40,7,6.84
1882,730,50,7,11.86
1883,626,39,2,7.279999999999999
1884,581,41,8,4.57
1885,16,10,5,10.879999999999999
1886,993,6,8,13.44
1887,322,11,5,14.07
1888,287,37,6,17.64
1889,73,12,8,16.34
1890,485,17,8,12.15
1891,144,8,10,8.54
1892,373,19,7,12.17
1893,635,44,3,13.790000000000001
1894,525,40,6,8.34
1895,699,27,9,17.18
1896,899,44,1,14.600000000000001
1897,660,4,4,6.71
1898,575,1,3,18.25
1899,298,25,3,15.68
1900,875,5,4,17.09
1901,474,43,2,4.29
1902,480,42,9,18.74
1903,477,7,2,9.63
1904,111,26,7,10.27
1905,337,5,6,16.88
1906,619,32,4,13.33
1907,488,8,5,8.39
1908,559,10,8,9.07
1909,219,21,10,14.16
1910,616,50,7,11.059999999999999
1911,828,24,7,6.36
1912,219,4,4,7.470000000000001
1913,976,49,7,17.03
1914,651,12,2,15.82
1915,281,26,2,10.709999999999999
1916,730,29,7,20.82
1917,686,17,3,12.96
1918,95,28,6,13.43
1919,305,11,4,14.91
1920,430,31,8,4.86
1921,803,11,7,14.94
1922,710,37,7,19.75
1923,575,39,4,3.3200000000000003
1924,684,38,10,14.06
1925,681,47,6,17.84
1926,919,30,3,7.91
1927,325,8,7,7.52
1928,740,1,8,18.65
1929,878,9,8,4.41
1930,593,7,1,9.8
1931,193,27,9,18.63
1932,616,25,4,14.68
1933,976,13,10,18.47
1934,380,24,1,3.3200000000000003
1935,315,33,2,22.7
1936,665,30,7,7.51
1937,361,35,7,20.900000000000002
1938,784,22,2,7.4399999999999995
1939,470,28,6,9.89
1940,610,11,9,15.3
1941,292,43,7,5.57
1942,719,40,2,11.14
1943,826,7,2,11.74
1944,632,27,2,17.38
1945,770,40,9,7.11
1946,455,33,10,23.18
1947,684,19,7,11.28
1948,796,30,9,7.37
1949,201,31,2,4.03
1950,813,30,7,9.75
1951,661,46,7,18.720000000000002
1952,384,15,9,6.42
1953,901,43,5,4.1
1954,925,27,4,15.17
1955,931,27,1,15.22
1956,158,24,9,5.65
1957,615,21,6,14.79
1958,586,28,4,11.59
1959,401,13,10,17.07
1960,849,4,10,5.49
1961,962,41,7,8.530000000000001
1962,178,26,6,11.7
1963,448,15,2,8.34
1964,130,33,2,22.39
1965,804,26,5,13.139999999999999
1966,163,21,4,14.44
1967,27,28,1,11.92
1968,608,10,1,11.2
1969,557,6,10,14.74
1970,761,47,3,22.21
1971,650,41,6,4.97
1972,669,15,5,6.01
1973,861,16,7,17.84
1974,676,4,5,3.93
1975,148,41,1,7.0
1976,594,7,2,10.89
1977,611,8,2,6.9799999999999995
1978,269,12,2,15.53
1979,865,24,4,3.7199999999999998
1980,503,2,7,19.68
1981,983,41,2,5.08
1982,430,25,6,15.959999999999999
1983,462,11,3,14.68
1984,926,12,10,18.02
1985,876,3,2,9.28
1986,356,31,10,5.15
1987,6,11,9,16.68
1988,949,8,4,9.07
1989,549,2,9,21.650000000000002
1990,157,14,6,15.27
1991,223,2,6,19.970000000000002
1992,86,47,3,18.98
1993,494,13,2,15.74
1994,565,42,5,16.79
1995,829,32,7,12.48
1996,410,13,5,14.95
1997,704,46,5,23.020000000000003
1998,106,38,10,14.81
1999,814,14,8,16.7
2000,457,28,10,12.45
2001,836,21,10,14.5
2002,393,28,4,11.64
2003,383,41,2,6.15
2004,911,3,9,6.029999999999999
2005,420,19,10,14.05
2006,661,34,6,19.07
2007,118,12,6,17.11
2008,191,23,4,6.1
2009,673,24,6,2.61
2010,322,8,1,7.77
2011,12,46,6,19.650000000000002
2012,582,21,4,16.55
2013,395,19,10,11.28
2014,223,7,9,10.07
2015,623,43,2,5.300000000000001
2016,662,27,7,16.580000000000002
2017,328,13,4,14.39
2018,506,32,1,14.629999999999999
2019,432,8,2,8.379999999999999
2020,616,21,10,15.74
2021,591,2,5,19.43
2022,803,37,1,20.15
2023,292,9,7,1.7000000000000002
2024,547,34,1,18.8
2025,17,5,8,15.77
2026,822,27,5,16.39
2027,772,23,7,6.13
2028,794,21,8,16.78
2029,403,20,8,13.430000000000001
2030,657,8,6,10.559999999999999
2031,106,2,4,19.57
2032,11,9,2,6.0
2033,883,45,7,6.449999999999999
2034,91,13,6,17.84
2035,551,1,1,15.58
2036,804,3,2,5.109999999999999
2037,312,5,5,16.82
2038,628,25,5,16.25
2039,948,9,10,3.5999999999999996
2040,130,21,3,17.41
2041,910,27,8,18.16
2042,535,34,4,19.880000000000003
2043,678,32,5,11.62
2044,749,31,4,2.86
2045,785,19,2,11.92
2046,856,16,4,17.5
2047,77,32,1,11.129999999999999
2048,687,14,8,18.43
2049,193,32,2,11.7
2050,834,38,9,15.72
2051,321,49,5,19.01
2052,672,10,9,8.9
2053,134,15,6,6.88
2054,464,40,9,7.57
2055,410,13,2,15.42
2056,169,44,5,16.09
2057,592,42,2,15.35
2058,898,7,2,9.9
2059,916,30,3,6.86
2060,488,43,9,4.76
2061,272,8,9,6.72
2062,442,14,3,16.54
2063,442,33,6,19.79
2064,280,24,2,2.1799999999999997
2065,392,47,7,18.650000000000002
2066,194,26,3,12.04
2067,543,39,8,5.300000000000001
2068,112,44,1,14.72
2069,982,8,4,6.859999999999999
2070,917,3,10,6.09
2071,68,35,2,19.79
2072,904,40,7,8.42
2073,104,15,5,7.369999999999999
2074,176,14,6,17.62
2075,723,39,5,6.27
2076,97,12,9,19.27
2077,638,31,5,6.29
2078,705,16,3,15.79
2079,72,11,3,14.83
2080,467,10,1,11.42
2081,439,22,1,4.07
2082,271,5,3,18.4
2083,874,1,10,15.99
2084,486,38,1,15.61
2085,254,31,2,2.65
2086,18,37,5,19.810000000000002
2087,538,33,3,22.95
2088,794,7,2,10.190000000000001
2089,754,22,8,5.48
2090,360,35,5,21.54
2091,260,24,8,2.02
2092,362,20,6,15.22
2093,794,43,10,4.9
2094,277,44,9,15.09
2095,22,10,7,12.27
2096,676,10,6,10.66
2097,251,37,7,17.67
2098,763,6,4,17.16
2099,387,41,2,8.469999999999999
2100,899,41,9,8.18
2101,461,34,3,18.470000000000002
2102,696,23,6,7.529999999999999
2103,428,18,5,7.8100000000000005
2104,594,34,6,21.03
2105,126,28,8,11.64
2106,812,23,5,6.27
2107,9,32,3,12.27
2108,154,34,5,20.09
2109,681,11,5,15.53
2110,67,19,1,12.370000000000001
2111,223,19,10,10.89
2112,501,20,1,13.15
2113,677,1,1,15.54
2114,359,19,9,13.32
2115,788,36,3,14.34
2116,731,18,3,11.43
2117,202,28,10,13.219999999999999
2118,298,15,1,7.27
2119,364,16,7,16.27
2120,991,7,5,12.96
2121,612,20,3,13.75
2122,696,21,10,14.649999999999999
2123,787,13,5,14.78
2124,568,13,5,15.54
2125,305,37,8,18.51
2126,385,28,2,9.71
2127,453,45,6,7.699999999999999
2128,702,46,6,20.8
2129,438,30,7,9.99
2130,473,2,9,19.470000000000002
2131,786,27,2,18.55
2132,630,20,4,13.82
2133,383,9,10,3.9699999999999998
2134,580,19,1,13.73
2135,403,9,7,4.55
2136,474,49,9,17.89
2137,56,6,1,14.24
2138,666,7,6,11.49
2139,842,19,10,12.5
2140,340,4,2,6.890000000000001
2141,691,33,1,22.71
2142,529,10,9,11.75
2143,508,9,4,5.5600000000000005
2144,656,10,5,11.25
2145,737,1,8,17.22
2146,206,8,2,6.34
2147,619,8,9,6.779999999999999
2148,210,7,8,8.93
2149,518,29,7,18.71
2150,125,20,7,13.39
2151,189,16,9,15.54
2152,628,44,8,15.68
2153,632,8,7,7.0
2154,23,12,3,18.86
2155,674,16,3,16.669999999999998
2156,717,35,4,20.69
2157,297,19,2,14.65
2158,505,24,5,3.7199999999999998
2159,715,7,8,10.7
2160,436,10,1,9.7
2161,124,37,7,16.1
2162,311,3,10,6.89
2163,930,23,3,7.879999999999999
2164,741,30,5,5.7
2165,163,23,9,9.62
2166,516,14,6,18.81
2167,538,25,9,13.389999999999999
2168,672,10,6,11.370000000000001
2169,577,22,8,6.49
2170,806,9,5,5.0600000000000005
2171,675,20,7,11.520000000000001
2172,860,42,8,16.38
2173,484,39,3,5.5600000000000005
2174,950,33,9,20.72
2175,715,21,10,18.32
2176,357,38,10,17.14
2177,70,3,1,8.719999999999999
2178,163,15,2,8.129999999999999
2179,512,44,8,13.27
2180,238,50,4,11.25
2181,902,12,7,18.58
2182,431,5,1,18.09
2183,118,3,2,6.88
2184,384,39,1,7.130000000000001
2185,329,7,8,10.52
2186,653,37,9,16.95
2187,259,32,8,13.219999999999999
2188,231,13,3,16.12
2189,542,13,2,16.79
2190,645,43,2,3.64
2191,830,9,1,3.1500000000000004
2192,418,37,9,19.94
2193,349,12,9,17.41
2194,853,14,10,18.47
2195,513,23,6,8.549999999999999
2196,573,9,2,3.5
2197,641,25,2,15.67
2198,131,34,5,17.73
2199,511,15,1,7.85
2200,339,2,4,23.05
2201,297,17,7,12.38
2202,70,11,5,13.68
2203,590,16,9,18.56
2204,513,20,7,13.99
2205,560,45,2,8.05
2206,960,17,1,9.370000000000001
2207,432,17,4,10.73
2208,784,4,3,4.48
2209,837,47,6,21.94
2210,680,4,4,5.78
2211,825,37,10,19.21
2212,784,3,6,9.3
2213,973,27,10,18.48
2214,952,6,9,15.17
2215,133,18,1,7.42
2216,509,33,4,22.48
2217,442,31,5,5.97
2218,898,15,1,9.33
2219,27,50,4,13.18
2220,881,25,1,15.6
2221,54,25,7,16.24
2222,441,45,7,7.9
2223,119,29,2,22.5
2224,926,24,6,2.83
2225,448,4,4,4.6
2226,603,1,4,16.27
2227,771,35,10,18.76
2228,822,1,4,18.07
2229,79,4,3,5.53
2230,290,3,6,6.459999999999999
2231,671,16,5,14.95
2232,408,31,2,5.4
2233,79,17,9,10.15
2234,723,48,6,14.600000000000001
2235,880,15,8,8.35
2236,965,24,9,3.2800000000000002
2237,670,16,9,18.39
2238,327,45,9,7.699999999999999
2239,56,23,7,8.94
2240,637,32,5,10.52
2241,934,9,9,2.5700000000000003
2242,760,36,4,10.600000000000001
2243,743,10,1,12.82
2244,716,29,8,22.75
2245,22,32,1,11.39
2246,603,25,5,16.83
2247,87,4,5,7.41
2248,394,32,1,14.05
2249,394,29,1,19.470000000000002
2250,389,12,7,17.58
2251,677,20,1,13.65
2252,357,2,10,22.75
2253,345,17,10,10.190000000000001
2254,29,22,10,5.220000000000001
2255,438,47,1,21.41
2256,567,25,5,16.97
2257,961,35,8,20.46
2258,737,37,9,17.22
2259,984,25,8,16.47
2260,947,16,3,18.45
2261,288,44,5,12.190000000000001
2262,256,50,9,12.11
2263,585,26,1,12.139999999999999
2264,371,18,5,10.469999999999999
2265,830,50,10,10.84
2266,315,37,6,19.810000000000002
2267,868,12,8,17.259999999999998
2268,451,1,8,14.58
2269,368,31,9,3.4299999999999997
2270,60,38,2,14.65
2271,625,36,6,14.34
2272,452,12,5,18.63
2273,283,17,8,9.790000000000001
2274,646,12,3,19.1
2275,672,4,4,4.08
2276,40,12,9,19.05
2277,594,21,1,16.509999999999998
2278,234,4,5,7.949999999999999
2279,17,44,6,14.24
2280,46,39,4,4.54
2281,80,33,8,20.060000000000002
2282,80,16,4,15.84
2283,381,44,7,12.13
2284,437,19,3,10.44
2285,622,24,6,6.35
2286,919,42,6,16.81
2287,997,19,10,10.47
2288,378,3,5,9.08
2289,934,38,1,13.89
2290,217,21,9,17.24
2291,760,33,10,22.76
2292,963,14,7,18.490000000000002
2293,34,43,3,4.43
2294,665,6,2,17.33
2295,230,37,9,20.54
2296,646,36,7,12.48
2297,125,34,1,20.01
2298,676,34,9,19.26
2299,276,13,10,15.49
2300,250,22,4,6.869999999999999
2301,371,15,8,6.56
2302,996,8,4,8.34
2303,981,27,6,15.51
2304,574,33,2,23.67
2305,670,31,10,3.49
2306,806,27,4,17.71
2307,847,9,9,2.63
2308,932,27,10,18.15
2309,621,17,5,10.760000000000002
2310,121,6,7,14.91
2311,152,37,8,18.900000000000002
2312,792,13,3,18.11
2313,16,11,2,15.219999999999999
2314,784,36,8,13.39
2315,130,3,7,5.0
2316,171,5,3,17.66
2317,543,25,7,14.7
2318,412,45,9,6.52
2319,301,8,6,10.379999999999999
2320,920,22,10,6.01
2321,111,47,1,18.11
2322,943,23,8,9.87
2323,646,29,7,19.76
2324,489,45,3,8.73
2325,742,50,10,14.899999999999999
2326,960,33,2,20.240000000000002
2327,8,38,10,15.07
2328,665,30,7,7.1
2329,181,33,10,20.810000000000002
2330,792,7,4,10.16
2331,350,4,10,5.890000000000001
2332,538,38,9,17.21
2333,437,19,6,12.06
2334,776,12,3,15.37
2335,968,48,4,12.5
2336,285,37,10,17.46
2337,356,19,3,10.86
2338,281,32,8,11.18
2339,174,19,5,14.780000000000001
2340,772,7,4,11.82
2341,145,7,4,11.3
2342,521,49,3,15.94
2343,925,3,9,7.31
2344,200,1,8,18.16
2345,27,24,4,3.23
2346,971,37,7,19.34
2347,534,9,8,2.8600000000000003
2348,113,46,2,20.69
2349,443,32,5,10.56
2350,141,18,2,11.31
2351,823,6,4,16.29
2352,335,11,9,14.85
2353,465,41,9,7.15
2354,76,46,6,22.71
2355,40,28,2,13.29
2356,814,34,6,18.14
2357,572,43,1,6.99
2358,643,1,4,15.030000000000001
2359,386,15,4,6.33
2360,156,32,3,13.469999999999999
2361,290,9,4,4.39
2362,91,34,4,17.290000000000003
2363,69,32,9,12.92
2364,728,12,1,17.06
2365,270,40,7,9.5
2366,241,41,6,6.3100000000000005
2367,673,12,5,18.96
2368,897,19,8,12.54
2369,646,26,10,10.979999999999999
2370,493,19,2,11.32
2371,987,49,5,17.71
2372,458,21,4,17.0
2373,119,12,8,19.48
2374,677,8,6,9.48
2375,722,9,8,5.3100000000000005
2376,885,32,10,12.02
2377,241,2,5,20.560000000000002
2378,221,27,1,17.68
2379,331,17,6,11.07
2380,829,29,7,20.25
2381,935,4,5,5.74
2382,225,22,1,4.66
2383,420,15,10,9.08
2384,549,14,2,19.02
2385,629,40,6,7.24
2386,553,2,1,22.96
2387,93,50,6,14.89
2388,786,50,9,11.07
2389,51,34,4,18.91
2390,204,11,9,15.12
2391,736,15,5,8.75
2392,933,24,6,3.82
2393,567,47,4,22.01
2394,37,2,9,19.810000000000002
2395,408,32,1,10.879999999999999
2396,309,2,4,22.19
2397,705,16,1,15.6
2398,127,25,7,13.7
2399,759,18,2,7.29
2400,517,47,7,17.87
2401,761,35,10,22.69
2402,98,48,10,14.13
2403,199,39,5,6.5
2404,436,33,1,20.91
2405,470,13,2,15.36
2406,672,37,8,17.740000000000002
2407,440,6,4,17.369999999999997
2408,575,18,8,8.23
2409,720,35,9,19.650000000000002
2410,18,32,7,14.45
2411,782,35,2,20.59
2412,592,2,7,22.82
2413,458,24,8,4.49
2414,659,20,6,11.860000000000001
2415,646,6,2,15.54
2416,213,32,10,11.29
2417,145,26,10,13.139999999999999
2418,536,47,10,21.200000000000003
2419,61,50,8,11.91
2420,319,48,6,14.31
2421,38,21,10,16.71
2422,893,1,5,17.52
2423,774,36,8,12.510000000000002
2424,321,42,4,16.14
2425,726,31,9,4.95
2426,758,47,2,21.93
2427,436,45,2,7.119999999999999
2428,776,1,3,16.75
2429,125,11,4,15.31
2430,996,8,1,10.32
2431,508,11,9,15.53
2432,767,36,7,11.850000000000001
2433,304,8,7,10.82
2434,738,44,5,14.16
2435,630,24,10,4.890000000000001
2436,145,19,9,13.41
2437,823,40,6,9.0
2438,258,31,8,3.4
2439,339,48,3,11.3
2440,733,31,1,3.88
2441,184,10,8,8.72
2442,6,20,4,12.110000000000001
2443,97,35,8,20.04
2444,63,40,8,9.34
2445,69,23,9,9.75
2446,354,41,1,8.309999999999999
2447,282,19,7,12.96
2448,314,24,10,5.41
2449,957,17,9,11.65
2450,676,13,2,16.84
2451,106,47,4,19.040000000000003
2452,270,37,2,16.62
2453,535,38,7,14.9
2454,791,38,10,14.66
2455,827,48,10,13.57
2456,485,14,3,14.76
2457,238,14,2,18.93
2458,630,10,3,9.16
2459,896,1,6,14.76
2460,994,4,3,5.859999999999999
2461,451,28,8,10.56
2462,513,49,2,16.9
2463,403,25,7,16.29
2464,364,20,9,12.64
2465,81,39,4,7.27
2466,969,41,5,7.33
2467,861,28,9,11.08
2468,712,17,2,11.73
2469,446,42,6,15.49
2470,887,24,8,5.43
2471,355,47,7,18.740000000000002
2472,574,13,7,15.85
2473,956,48,1,11.440000000000001
2474,370,34,4,17.310000000000002
2475,318,22,2,7.369999999999999
2476,938,17,9,13.370000000000001
2477,622,18,1,9.86
2478,658,31,7,2.65
2479,713,46,5,19.92
2480,59,37,1,19.93
2481,950,31,10,5.3
2482,503,12,8,18.55
2483,664,49,9,19.45
2484,40,24,1,4.72
2485,731,10,3,12.34
2486,135,6,7,16.77
2487,123,4,8,6.43
2488,64,21,2,17.88
2489,285,13,10,17.49
2490,341,44,6,15.850000000000001
2491,174,38,6,15.73
2492,964,43,7,4.59
2493,684,43,1,3.0100000000000002
2494,845,49,9,16.48
2495,274,6,3,15.02
2496,283,39,4,6.07
2497,420,12,1,16.58
2498,575,23,2,7.31
2499,582,45,2,7.9799999999999995
2500,475,6,2,17.15
2501,187,47,2,18.62
2502,606,41,1,7.58
2503,808,1,4,17.28
2504,472,6,4,14.41
2505,698,42,4,18.05
2506,756,9,5,1.77
2507,723,19,3,11.59
2508,579,21,7,15.04
2509,193,18,4,7.75
2510,303,17,8,10.41
2511,502,23,10,7.41
2512,791,42,9,16.71
2513,647,44,3,11.98
2514,855,38,7,14.11
2515,583,14,7,16.31
2516,831,44,5,12.74
2517,717,33,9,23.28
2518,814,18,2,9.26
2519,216,17,4,11.32
2520,33,8,9,9.3
2521,191,31,3,4.55
2522,331,24,10,3.66
2523,603,3,6,8.05
2524,645,23,1,6.4799999999999995
2525,487,22,6,6.1899999999999995
2526,103,12,6,16.56
2527,479,35,3,21.93
2528,450,40,8,9.33
2529,712,28,7,11.219999999999999
2530,250,17,6,11.920000000000002
2531,495,44,7,13.16
2532,995,15,9,5.63
2533,437,50,5,15.07
2534,411,38,1,14.15
2535,171,20,10,15.55
2536,966,34,4,21.560000000000002
2537,582,49,3,16.4
2538,342,4,2,4.95
2539,785,10,6,10.48
2540,170,30,1,8.620000000000001
2541,206,12,5,16.56
2542,190,16,4,16.33
2543,742,16,3,17.45
2544,866,50,6,10.799999999999999
2545,164,23,2,7.89
2546,704,26,4,13.48
2547,685,25,8,16.29
2548,782,7,7,9.4
2549,782,9,7,5.01
2550,920,19,7,13.02
2551,547,5,6,17.54
2552,759,38,1,14.41
2553,624,12,4,16.84
2554,349,33,1,22.3
2555,770,26,2,12.28
2556,142,32,4,10.37
2557,310,28,2,10.62
2558,670,12,7,15.86
2559,319,25,8,13.27
2560,982,27,3,15.89
2561,699,34,2,19.37
2562,85,23,2,8.719999999999999
2563,415,1,3,15.85
2564,589,33,7,22.64
2565,12,32,7,12.07
2566,56,20,7,12.370000000000001
2567,650,8,10,9.969999999999999
2568,931,29,9,20.14
2569,485,46,6,22.490000000000002
2570,996,24,2,5.49
2571,435,35,7,22.47
2572,82,10,1,9.94
2573,957,46,10,19.85
2574,528,40,8,8.620000000000001
2575,476,19,1,10.88
2576,502,30,6,5.890000000000001
2577,614,44,6,12.950000000000001
2578,346,44,5,15.260000000000002
2579,25,35,5,19.35
2580,366,27,1,17.16
2581,305,41,1,6.8100000000000005
2582,366,47,1,20.17
2583,406,16,3,14.75
2584,97,9,3,4.38
2585,442,18,6,11.32
2586,706,40,4,10.79
2587,926,47,9,20.34
2588,42,5,6,17.02
2589,151,39,2,4.69
2590,743,6,6,17.189999999999998
2591,768,20,7,13.010000000000002
2592,189,48,5,13.81
2593,761,6,7,17.36
2594,813,13,10,15.34
2595,311,40,9,9.09
2596,813,16,1,16.05
2597,485,14,7,15.99
2598,706,50,3,12.03
2599,688,3,10,6.68
2600,186,44,5,13.040000000000001
2601,417,14,1,18.27
2602,673,9,5,2.73
2603,614,41,6,4.57
2604,231,2,6,20.34
2605,627,19,10,14.05
2606,603,27,10,16.63
2607,399,31,9,2.51
2608,349,21,6,17.72
2609,156,30,8,6.61
2610,715,11,7,14.49
2611,34,43,10,7.07
2612,647,32,9,14.6
2613,86,14,9,16.41
2614,299,49,6,17.85
2615,479,2,3,22.16
2616,171,40,6,9.2
2617,426,49,1,19.2
2618,291,36,8,14.5
2619,385,35,3,20.25
2620,972,8,2,8.12
2621,217,8,10,7.64
2622,886,11,7,15.82
2623,361,49,4,17.7
2624,614,18,6,10.42
2625,646,7,6,11.08
2626,546,26,4,13.239999999999998
2627,507,49,8,17.11
2628,947,29,3,22.62
2629,182,26,5,9.389999999999999
2630,850,22,8,6.220000000000001
2631,700,7,7,11.43
2632,429,27,7,16.0
2633,30,40,4,7.28
2634,635,33,2,22.25
2635,750,27,1,16.61
2636,256,11,10,16.15
2637,701,6,6,13.12
2638,616,42,7,17.169999999999998
2639,885,13,3,16.23
2640,741,16,3,16.49
2641,730,13,6,14.77
2642,67,2,4,21.950000000000003
2643,471,16,10,16.369999999999997
2644,248,12,8,17.43
2645,114,39,6,6.890000000000001
2646,931,11,4,15.42
2647,986,5,1,18.71
2648,699,44,7,15.71
2649,482,25,2,16.63
2650,981,17,9,9.760000000000002
2651,796,39,9,6.19
2652,450,31,1,3.77
2653,408,47,1,19.42
2654,734,33,8,21.48
2655,128,7,3,12.629999999999999
2656,777,38,2,16.66
2657,376,27,6,15.790000000000001
2658,249,31,4,3.6399999999999997
2659,338,42,2,16.75
2660,727,32,4,13.58
2661,351,19,8,11.82
2662,462,45,5,7.99
2663,609,3,3,5.56
2664,296,2,4,23.310000000000002
2665,578,24,5,3.34
2666,734,11,10,16.19
2667,487,46,8,21.720000000000002
2668,159,48,3,11.22
2669,300,25,5,15.98
2670,29,14,10,16.11
2671,599,1,5,16.05
2672,521,48,9,12.39
2673,634,11,6,16.24
2674,602,33,6,21.91
2675,388,32,3,14.09
2676,494,12,8,19.22
2677,15,43,2,4.26
2678,317,14,4,15.43
2679,624,50,2,13.7
2680,366,32,8,12.73
2681,654,1,9,18.45
2682,760,13,6,17.16
2683,409,41,2,8.41
2684,520,5,5,17.83
2685,548,48,9,14.49
2686,994,4,8,6.109999999999999
2687,254,16,5,17.96
2688,188,45,4,6.46
2689,735,30,3,5.84
2690,624,18,9,8.2
2691,761,13,2,18.25
2692,136,34,5,17.55
2693,234,16,10,17.8
2694,489,30,2,8.08
2695,801,4,6,7.119999999999999
2696,75,13,8,14.69
2697,86,31,4,2.9
2698,604,14,10,16.94
2699,583,1,10,16.34
2700,927,8,8,9.84
2701,200,38,10,16.81
2702,1,17,7,11.93
2703,505,41,3,5.609999999999999
2704,495,33,5,23.830000000000002
2705,307,17,9,10.34
2706,282,44,9,14.07
2707,641,29,2,22.86
2708,969,12,8,15.209999999999999
2709,915,33,8,21.78
2710,184,5,7,18.37
2711,97,29,6,21.330000000000002
2712,552,12,4,18.68
2713,782,15,4,6.52
2714,313,21,9,16.14
2715,702,20,10,12.16
2716,689,10,6,9.12
2717,785,26,3,13.209999999999999
2718,625,43,3,4.19
2719,529,31,10,6.0
2720,799,47,5,18.810000000000002
2721,270,31,5,4.12
2722,314,22,6,7.0
2723,323,29,5,20.37
2724,403,49,7,15.85
2725,963,26,1,13.73
2726,363,42,3,19.08
2727,786,18,1,10.629999999999999
2728,208,14,5,16.08
2729,383,2,6,21.270000000000003
2730,392,21,9,16.54
2731,205,14,10,17.009999999999998
2732,877,18,2,7.28
2733,165,21,8,18.259999999999998
2734,608,31,1,5.97
2735,400,45,8,6.55
2736,622,38,7,13.68
2737,58,41,6,5.37
2738,379,29,5,18.96
2739,138,48,2,12.02
2740,794,47,7,21.490000000000002
2741,895,10,10,9.76
2742,205,36,2,12.020000000000001
2743,336,37,9,19.48
2744,267,36,9,13.73
2745,707,2,3,22.82
2746,70,45,6,9.739999999999998
2747,370,50,8,14.139999999999999
2748,220,12,6,17.29
2749,472,24,6,2.86
2750,995,46,5,19.84
2751,766,2,3,19.89
2752,421,28,7,12.719999999999999
2753,818,4,9,3.83
2754,525,24,1,4.51
2755,33,33,6,23.11
2756,504,19,10,11.83
2757,69,48,2,13.100000000000001
2758,998,36,2,12.440000000000001
2759,818,33,2,22.130000000000003
2760,480,40,4,10.04
2761,786,44,7,15.49
2762,477,29,3,21.39
2763,75,12,10,16.71
2764,541,50,7,14.78
2765,412,37,5,16.080000000000002
2766,849,25,1,13.149999999999999
2767,331,28,3,10.25
2768,229,38,6,15.81
2769,670,43,4,6.18
2770,589,23,10,6.459999999999999
2771,792,10,4,9.81
2772,104,2,9,22.060000000000002
2773,865,3,3,7.32
2774,978,5,6,19.259999999999998
2775,951,15,4,6.05
2776,168,28,5,10.14
2777,942,14,6,14.87
2778,899,29,2,22.21
2779,385,2,8,23.25
2780,875,48,4,12.27
2781,458,29,7,19.35
2782,790,25,10,16.78
2783,96,12,9,19.29
2784,742,34,2,18.01
2785,215,8,8,9.67
2786,367,48,6,12.43
2787,216,6,9,14.64
2788,262,33,2,23.8
2789,17,1,7,18.03
2790,410,7,6,10.440000000000001
2791,318,5,7,19.6
2792,668,20,4,15.71
2793,87,42,7,18.63
2794,17,18,6,7.15
2795,868,16,3,16.91
2796,132,34,3,17.91
2797,482,49,1,16.1
2798,822,14,5,16.42
2799,425,11,7,14.12
2800,959,34,3,20.62
2801,830,43,3,4.36
2802,948,8,3,6.47
2803,209,20,7,14.020000000000001
2804,931,17,10,10.66
2805,803,2,6,19.48
2806,482,3,3,9.0
2807,48,35,7,21.98
2808,740,34,3,17.990000000000002
2809,16,23,4,6.18
2810,68,8,8,8.43
2811,426,35,8,19.150000000000002
2812,618,41,1,5.529999999999999
2813,481,17,3,10.67
2814,553,24,10,4.97
2815,99,31,8,5.82
2816,873,37,4,16.62
2817,528,9,3,2.54
2818,85,48,2,13.790000000000001
2819,290,40,2,7.78
2820,257,12,5,16.66
2821,998,30,10,8.0
2822,592,18,3,8.43
2823,384,43,3,5.33
2824,958,3,7,7.7299999999999995
2825,814,13,3,14.23
2826,650,3,4,5.619999999999999
2827,331,1,10,16.57
2828,879,23,4,8.6
2829,837,37,7,18.080000000000002
2830,220,30,10,6.84
2831,451,8,5,9.29
2832,527,22,6,7.76
2833,191,17,6,12.850000000000001
2834,500,50,9,12.829999999999998
2835,99,43,6,6.15
2836,270,5,6,17.259999999999998
2837,27,35,3,18.98
2838,999,30,2,6.2
2839,730,19,3,14.26
2840,315,29,7,20.950000000000003
2841,963,6,9,13.84
2842,840,33,4,20.19
2843,697,15,1,6.029999999999999
2844,763,23,9,8.469999999999999
2845,156,37,9,18.41
2846,820,35,6,20.98
2847,711,34,3,18.970000000000002
2848,103,44,3,14.67
2849,880,40,4,10.45
2850,770,46,3,21.12
2851,979,40,7,10.52
2852,286,4,7,4.890000000000001
2853,923,34,7,21.3
2854,480,21,3,17.27
2855,308,1,2,15.54
2856,570,43,5,3.66
2857,752,40,10,10.98
2858,61,49,7,16.45
2859,493,11,4,15.1
2860,164,42,7,16.45
2861,199,16,6,14.69
2862,987,18,3,10.969999999999999
2863,127,47,10,22.03
2864,156,14,8,15.39
2865,283,49,6,15.870000000000001
2866,121,34,5,19.64
2867,791,41,10,6.25
2868,677,29,5,22.16
2869,555,48,10,12.600000000000001
2870,73,49,6,19.76
2871,973,3,7,8.66
2872,262,8,8,8.26
2873,173,46,8,22.1
2874,231,34,2,17.68
2875,750,39,10,6.859999999999999
2876,248,43,8,6.49
2877,987,28,7,9.34
2878,108,50,5,14.57
2879,751,18,5,9.83
2880,337,27,5,19.57
2881,86,1,2,17.62
2882,498,16,10,16.599999999999998
2883,606,28,5,9.56
2884,800,46,8,21.21
2885,858,37,7,18.78
2886,892,43,7,2.91
2887,111,38,2,16.0
2888,121,49,4,17.44
2889,689,46,10,20.59
2890,404,46,1,20.25
2891,808,29,8,21.04
2892,536,3,7,8.55
2893,644,48,7,13.57
2894,27,14,10,15.56
2895,646,22,2,4.59
2896,423,2,8,23.17
2897,260,23,6,7.359999999999999
2898,989,16,5,16.38
2899,49,21,8,17.169999999999998
2900,651,17,3,10.16
2901,790,36,6,13.38
2902,772,23,3,9.57
2903,878,6,6,14.6
2904,552,48,4,11.98
2905,314,7,2,11.7
2906,321,40,8,9.54
2907,775,25,4,14.299999999999999
2908,725,32,6,11.69
2909,449,24,3,6.28
2910,331,2,2,20.200000000000003
2911,318,33,9,20.880000000000003
2912,574,35,3,20.34
2913,713,5,4,15.76
2914,729,39,7,6.800000000000001
2915,150,46,6,21.09
2916,407,9,7,2.0
2917,980,48,5,13.32
2918,995,6,6,17.52
2919,454,3,4,7.359999999999999
2920,684,18,1,9.18
2921,854,45,4,6.529999999999999
2922,232,29,4,19.11
2923,304,16,1,18.23
2924,495,29,7,20.96
2925,582,13,7,15.01
2926,532,38,7,16.23
2927,910,25,5,16.29
2928,373,17,7,10.89
2929,922,16,6,16.8
2930,79,45,3,6.88
2931,848,45,4,9.01
2932,593,9,2,5.94
2933,804,33,8,21.96
2934,108,39,4,6.210000000000001
2935,735,45,9,9.120000000000001
2936,230,30,5,8.24
2937,55,30,10,7.630000000000001
2938,606,28,2,13.379999999999999
2939,176,2,9,21.37
2940,666,4,6,5.7
2941,724,10,2,11.49
2942,67,47,5,20.34
2943,971,47,1,20.990000000000002
2944,503,28,3,13.530000000000001
2945,221,43,8,4.11
2946,714,44,5,13.3
2947,584,33,7,20.2
2948,553,44,10,13.23
2949,7,40,1,9.86
2950,367,38,2,16.9
2951,73,40,2,9.04
2952,748,11,4,14.46
2953,616,50,3,14.54
2954,31,42,8,17.97
2955,340,6,2,17.28
2956,588,45,7,9.05
2957,391,45,8,6.05
2958,352,12,2,16.58
2959,182,46,7,22.650000000000002
2960,512,6,3,14.19
2961,206,15,6,9.58
2962,649,6,6,15.049999999999999
2963,97,34,5,17.37
2964,621,4,9,3.83
2965,383,7,3,8.83
2966,542,1,1,15.88
2967,314,2,10,21.89
2968,880,5,3,16.19
2969,636,32,3,12.58
2970,1000,23,2,9.69
2971,935,10,10,10.1
2972,182,29,3,20.740000000000002
2973,834,29,1,21.26
2974,958,35,2,22.18
2975,320,19,2,11.9
2976,185,38,9,14.16
2977,103,32,4,12.89
2978,628,22,8,7.449999999999999
2979,562,25,8,17.36
2980,685,36,2,11.57
2981,375,10,4,12.74
2982,503,13,7,14.36
2983,61,31,10,2.8899999999999997
2984,533,6,6,17.119999999999997
2985,577,37,9,18.400000000000002
2986,776,35,4,19.82
2987,139,29,4,19.78
2988,642,28,7,11.05
2989,85,32,1,12.379999999999999
2990,330,36,8,12.790000000000001
2991,314,32,5,13.64
2992,716,4,9,7.300000000000001
2993,193,6,5,17.03
2994,766,37,9,16.830000000000002
2995,322,48,1,12.96
2996,49,20,7,12.06
2997,988,35,1,22.26
2998,701,28,9,11.45
2999,183,33,6,22.62
3000,46,14,2,16.81
